timestamp,image_folder_path,image,greenness degree,cleanliness degree,crowdedness degree,noisy degree,skin feeling degree,stress degree,personal aqi degree,safety degree,hum,tem,uv,part_of_day_Afternoon,part_of_day_Evening,part_of_day_Morning,Not rush hour,Rush hour,distance_to_airport
2020-02-28 07:53:00,..\..\Data\Data HCM\_MNR_SENSOR_DATA_\emotion_tags\image_tag,22646-44678-1582851237.jpg,3.0,3.0,4.0,3.0,2.0,3.0,3.0,3.0,82.0,28.0,0.0,0.0,0.0,1.0,0.0,1.0,2.6238310895191885
2020-02-28 07:58:00,..\..\Data\Data HCM\_MNR_SENSOR_DATA_\emotion_tags\image_tag,22646-44678-1582851567.jpg,5.0,4.0,3.0,3.0,2.0,3.0,4.0,4.0,79.0,27.0,0.0,0.0,0.0,1.0,0.0,1.0,2.3072409411780925
2020-02-28 08:02:00,..\..\Data\Data HCM\_MNR_SENSOR_DATA_\emotion_tags\image_tag,22646-44678-1582852124.jpg,2.0,4.0,3.0,3.0,4.0,3.0,3.0,3.0,81.0,27.0,0.0,0.0,0.0,1.0,0.0,1.0,2.3072409411780925
2020-02-28 08:13:00,..\..\Data\Data HCM\_MNR_SENSOR_DATA_\emotion_tags\image_tag,22646-44678-1582852513.jpg,2.0,3.0,4.0,3.0,3.0,3.0,3.0,2.0,82.0,27.0,0.0,0.0,0.0,1.0,0.0,1.0,4.1986102909017635
2020-02-28 08:17:00,..\..\Data\Data HCM\_MNR_SENSOR_DATA_\emotion_tags\image_tag,22646-44678-1582852742.jpg,5.0,5.0,3.0,3.0,4.0,4.0,4.0,4.0,80.0,28.0,0.0,0.0,0.0,1.0,0.0,1.0,4.1986102909017635
2020-02-28 08:23:00,..\..\Data\Data HCM\_MNR_SENSOR_DATA_\emotion_tags\image_tag,22646-44678-1582853035.jpg,4.0,4.0,3.0,2.0,4.0,4.0,4.0,4.0,80.0,29.0,0.0,0.0,0.0,1.0,0.0,1.0,4.1986102909017635
2020-02-28 08:26:00,..\..\Data\Data HCM\_MNR_SENSOR_DATA_\emotion_tags\image_tag,22646-44678-1582853243.jpg,3.0,3.0,3.0,3.0,3.0,3.0,3.0,3.0,77.0,29.0,0.0,0.0,0.0,1.0,0.0,1.0,4.1986102909017635
2020-02-28 08:32:00,..\..\Data\Data HCM\_MNR_SENSOR_DATA_\emotion_tags\image_tag,22646-44678-1582853636.jpg,3.0,4.0,2.0,2.0,4.0,4.0,4.0,4.0,77.0,30.0,0.0,0.0,0.0,1.0,0.0,1.0,5.147828680575264
2020-02-28 08:42:00,..\..\Data\Data HCM\_MNR_SENSOR_DATA_\emotion_tags\image_tag,22646-44678-1582854208.jpg,4.0,4.0,3.0,3.0,3.0,4.0,4.0,4.0,71.0,28.0,0.0,0.0,0.0,1.0,0.0,1.0,5.147828680575264
2020-02-28 08:50:00,..\..\Data\Data HCM\_MNR_SENSOR_DATA_\emotion_tags\image_tag,22646-44678-1582854750.jpg,2.0,3.0,4.0,4.0,3.0,2.0,2.0,1.0,70.0,29.0,0.0,0.0,0.0,1.0,0.0,1.0,2.9644894088849076
2020-02-28 12:21:00,..\..\Data\Data HCM\_MNR_SENSOR_DATA_\emotion_tags\image_tag,22646-44678-1582867379.jpg,4.0,3.0,4.0,4.0,2.0,2.0,2.0,2.0,65.0,34.0,0.0,1.0,0.0,0.0,1.0,0.0,2.5927916196567753
2020-02-28 12:26:00,..\..\Data\Data HCM\_MNR_SENSOR_DATA_\emotion_tags\image_tag,22646-44678-1582867614.jpg,2.0,2.0,3.0,3.0,2.0,2.0,2.0,2.0,61.0,37.0,0.0,1.0,0.0,0.0,1.0,0.0,2.5927916196567753
2020-02-28 12:29:00,..\..\Data\Data HCM\_MNR_SENSOR_DATA_\emotion_tags\image_tag,22646-44678-1582867879.jpg,2.0,2.0,3.0,3.0,2.0,2.0,2.0,2.0,68.0,37.0,0.0,1.0,0.0,0.0,1.0,0.0,2.5927916196567753
2020-02-28 12:40:00,..\..\Data\Data HCM\_MNR_SENSOR_DATA_\emotion_tags\image_tag,22646-44678-1582868441.jpg,2.0,2.0,2.0,2.0,2.0,2.0,2.0,2.0,69.0,35.0,0.0,1.0,0.0,0.0,1.0,0.0,4.832087982081859
2020-02-28 12:42:00,..\..\Data\Data HCM\_MNR_SENSOR_DATA_\emotion_tags\image_tag,22646-44678-1582868630.jpg,2.0,2.0,2.0,3.0,2.0,2.0,2.0,2.0,66.0,36.0,0.0,1.0,0.0,0.0,1.0,0.0,4.832087982081859
2020-02-28 12:47:00,..\..\Data\Data HCM\_MNR_SENSOR_DATA_\emotion_tags\image_tag,22646-44678-1582868906.jpg,1.0,1.0,3.0,3.0,1.0,2.0,2.0,1.0,59.0,37.0,0.0,1.0,0.0,0.0,1.0,0.0,4.832087982081859
2020-02-28 12:52:00,..\..\Data\Data HCM\_MNR_SENSOR_DATA_\emotion_tags\image_tag,22646-44678-1582869209.jpg,1.0,1.0,4.0,4.0,1.0,1.0,1.0,1.0,57.0,40.0,0.0,1.0,0.0,0.0,1.0,0.0,4.832087982081859
2020-02-28 12:57:00,..\..\Data\Data HCM\_MNR_SENSOR_DATA_\emotion_tags\image_tag,22646-44678-1582869512.jpg,2.0,2.0,3.0,3.0,1.0,1.0,1.0,1.0,67.0,42.0,0.0,1.0,0.0,0.0,1.0,0.0,4.715755772923994
2020-02-28 13:02:00,..\..\Data\Data HCM\_MNR_SENSOR_DATA_\emotion_tags\image_tag,22646-44678-1582869765.jpg,1.0,1.0,3.0,3.0,1.0,1.0,1.0,1.0,62.0,41.0,0.0,1.0,0.0,0.0,1.0,0.0,4.715755772923994
2020-02-28 13:05:00,..\..\Data\Data HCM\_MNR_SENSOR_DATA_\emotion_tags\image_tag,22646-44678-1582869983.jpg,2.0,2.0,4.0,4.0,1.0,1.0,1.0,1.0,63.0,40.0,0.0,1.0,0.0,0.0,1.0,0.0,4.715755772923994
2020-02-28 13:09:00,..\..\Data\Data HCM\_MNR_SENSOR_DATA_\emotion_tags\image_tag,22646-44678-1582870193.jpg,2.0,2.0,4.0,3.0,2.0,2.0,2.0,1.0,59.0,41.0,0.0,1.0,0.0,0.0,1.0,0.0,2.835925083910866
2020-02-28 13:11:00,..\..\Data\Data HCM\_MNR_SENSOR_DATA_\emotion_tags\image_tag,22646-44678-1582870322.jpg,2.0,2.0,3.0,3.0,2.0,2.0,2.0,3.0,63.0,40.0,0.0,1.0,0.0,0.0,1.0,0.0,2.835925083910866
2020-02-28 13:14:00,..\..\Data\Data HCM\_MNR_SENSOR_DATA_\emotion_tags\image_tag,22646-44678-1582870522.jpg,2.0,2.0,4.0,4.0,2.0,2.0,2.0,2.0,60.0,43.0,0.0,1.0,0.0,0.0,1.0,0.0,2.835925083910866
2020-02-28 13:17:00,..\..\Data\Data HCM\_MNR_SENSOR_DATA_\emotion_tags\image_tag,22646-44678-1582870693.jpg,2.0,2.0,4.0,4.0,3.0,2.0,2.0,2.0,53.0,41.0,0.0,1.0,0.0,0.0,1.0,0.0,2.835925083910866
2020-02-28 13:19:00,..\..\Data\Data HCM\_MNR_SENSOR_DATA_\emotion_tags\image_tag,22646-44678-1582870770.jpg,2.0,2.0,4.0,3.0,2.0,2.0,2.0,2.0,53.0,44.0,0.0,1.0,0.0,0.0,1.0,0.0,2.835925083910866
2020-02-28 13:20:00,..\..\Data\Data HCM\_MNR_SENSOR_DATA_\emotion_tags\image_tag,22646-44678-1582870864.jpg,2.0,2.0,3.0,3.0,2.0,2.0,2.0,2.0,53.0,44.0,0.0,1.0,0.0,0.0,1.0,0.0,2.835925083910866
2020-02-28 16:49:00,..\..\Data\Data HCM\_MNR_SENSOR_DATA_\emotion_tags\image_tag,22646-44678-1582883410.jpg,2.0,2.0,4.0,4.0,4.0,3.0,3.0,3.0,64.0,32.0,0.0,0.0,1.0,0.0,0.0,1.0,2.396749478841821
2020-02-28 16:53:00,..\..\Data\Data HCM\_MNR_SENSOR_DATA_\emotion_tags\image_tag,22646-44678-1582884005.jpg,4.0,3.0,4.0,4.0,4.0,4.0,3.0,3.0,61.0,32.0,0.0,0.0,1.0,0.0,0.0,1.0,2.396749478841821
2020-02-28 17:04:00,..\..\Data\Data HCM\_MNR_SENSOR_DATA_\emotion_tags\image_tag,22646-44678-1582884324.jpg,3.0,3.0,4.0,4.0,4.0,4.0,4.0,4.0,43.0,32.0,0.0,0.0,1.0,0.0,0.0,1.0,2.8237396544475883
2020-02-28 17:07:00,..\..\Data\Data HCM\_MNR_SENSOR_DATA_\emotion_tags\image_tag,22646-44678-1582884453.jpg,3.0,3.0,4.0,4.0,4.0,3.0,3.0,3.0,42.0,32.0,0.0,0.0,1.0,0.0,0.0,1.0,2.8237396544475883
2020-02-28 17:09:00,..\..\Data\Data HCM\_MNR_SENSOR_DATA_\emotion_tags\image_tag,22646-44678-1582884593.jpg,3.0,2.0,4.0,4.0,4.0,3.0,3.0,3.0,42.0,32.0,0.0,0.0,1.0,0.0,0.0,1.0,2.8237396544475883
2020-02-28 17:14:00,..\..\Data\Data HCM\_MNR_SENSOR_DATA_\emotion_tags\image_tag,22646-44678-1582884894.jpg,3.0,3.0,4.0,4.0,4.0,3.0,3.0,3.0,46.0,32.0,0.0,0.0,1.0,0.0,0.0,1.0,2.8237396544475883
2020-02-28 17:15:00,..\..\Data\Data HCM\_MNR_SENSOR_DATA_\emotion_tags\image_tag,22646-44678-1582884978.jpg,2.0,2.0,5.0,4.0,4.0,3.0,3.0,3.0,46.0,31.0,0.0,0.0,1.0,0.0,0.0,1.0,2.8237396544475883
2020-02-28 17:16:00,..\..\Data\Data HCM\_MNR_SENSOR_DATA_\emotion_tags\image_tag,22646-44678-1582885075.jpg,2.0,2.0,4.0,4.0,4.0,3.0,3.0,3.0,47.0,31.0,0.0,0.0,1.0,0.0,0.0,1.0,2.8237396544475883
2020-02-28 17:23:00,..\..\Data\Data HCM\_MNR_SENSOR_DATA_\emotion_tags\image_tag,22646-44678-1582885456.jpg,2.0,3.0,4.0,4.0,4.0,3.0,3.0,3.0,49.0,32.0,0.0,0.0,1.0,0.0,0.0,1.0,4.811684359158321
2020-02-28 17:35:00,..\..\Data\Data HCM\_MNR_SENSOR_DATA_\emotion_tags\image_tag,22646-44678-1582886144.jpg,1.0,2.0,4.0,4.0,3.0,2.0,2.0,2.0,48.0,31.0,0.0,0.0,1.0,0.0,0.0,1.0,4.811684359158321
2020-02-28 17:40:00,..\..\Data\Data HCM\_MNR_SENSOR_DATA_\emotion_tags\image_tag,22646-44678-1582886448.jpg,1.0,2.0,4.0,4.0,4.0,3.0,3.0,3.0,48.0,31.0,0.0,0.0,1.0,0.0,0.0,1.0,3.9730203380555835
2020-02-28 17:43:00,..\..\Data\Data HCM\_MNR_SENSOR_DATA_\emotion_tags\image_tag,22646-44678-1582886641.jpg,2.0,2.0,4.0,4.0,4.0,3.0,3.0,3.0,50.0,31.0,0.0,0.0,1.0,0.0,0.0,1.0,3.9730203380555835
2020-02-28 17:46:00,..\..\Data\Data HCM\_MNR_SENSOR_DATA_\emotion_tags\image_tag,22646-44678-1582886834.jpg,1.0,2.0,4.0,4.0,4.0,3.0,3.0,3.0,50.0,31.0,0.0,0.0,1.0,0.0,0.0,1.0,3.9730203380555835
2020-02-28 17:52:00,..\..\Data\Data HCM\_MNR_SENSOR_DATA_\emotion_tags\image_tag,22646-44678-1582887201.jpg,1.0,2.0,3.0,3.0,4.0,3.0,3.0,3.0,52.0,31.0,0.0,0.0,1.0,0.0,0.0,1.0,3.9730203380555835
2020-02-28 17:59:00,..\..\Data\Data HCM\_MNR_SENSOR_DATA_\emotion_tags\image_tag,22646-44678-1582887563.jpg,2.0,2.0,5.0,5.0,4.0,3.0,3.0,3.0,54.0,31.0,0.0,0.0,1.0,0.0,0.0,1.0,2.240871711588565
2020-02-29 09:06:00,..\..\Data\Data HCM\_MNR_SENSOR_DATA_\emotion_tags\image_tag,22646-44678-1582942069.jpg,2.0,3.0,3.0,3.0,4.0,3.0,3.0,3.0,67.0,32.0,0.0,0.0,0.0,1.0,0.0,1.0,3.3680460040654734
2020-02-29 09:11:00,..\..\Data\Data HCM\_MNR_SENSOR_DATA_\emotion_tags\image_tag,22646-44678-1582942310.jpg,2.0,3.0,3.0,3.0,4.0,3.0,3.0,3.0,67.0,32.0,0.0,0.0,0.0,1.0,0.0,1.0,3.3680460040654734
2020-02-29 09:15:00,..\..\Data\Data HCM\_MNR_SENSOR_DATA_\emotion_tags\image_tag,22646-44678-1582942547.jpg,1.0,2.0,3.0,4.0,4.0,4.0,4.0,3.0,67.0,32.0,0.0,0.0,0.0,1.0,0.0,1.0,3.3680460040654734
2020-02-29 09:20:00,..\..\Data\Data HCM\_MNR_SENSOR_DATA_\emotion_tags\image_tag,22646-44678-1582942848.jpg,2.0,3.0,3.0,3.0,4.0,3.0,3.0,3.0,67.0,32.0,0.0,0.0,0.0,1.0,0.0,1.0,3.3680460040654734
2020-02-29 09:23:00,..\..\Data\Data HCM\_MNR_SENSOR_DATA_\emotion_tags\image_tag,22646-44678-1582943064.jpg,1.0,2.0,3.0,3.0,3.0,3.0,3.0,3.0,67.0,32.0,0.0,0.0,0.0,1.0,0.0,1.0,5.225498068981291
2020-02-29 09:25:00,..\..\Data\Data HCM\_MNR_SENSOR_DATA_\emotion_tags\image_tag,22646-44678-1582943159.jpg,1.0,2.0,3.0,3.0,4.0,4.0,3.0,3.0,67.0,32.0,0.0,0.0,0.0,1.0,0.0,1.0,5.225498068981291
2020-02-29 09:28:00,..\..\Data\Data HCM\_MNR_SENSOR_DATA_\emotion_tags\image_tag,22646-44678-1582943347.jpg,3.0,4.0,3.0,3.0,4.0,4.0,4.0,4.0,67.0,32.0,0.0,0.0,0.0,1.0,0.0,1.0,5.225498068981291
2020-02-29 09:30:00,..\..\Data\Data HCM\_MNR_SENSOR_DATA_\emotion_tags\image_tag,22646-44678-1582943483.jpg,4.0,4.0,3.0,3.0,5.0,4.0,4.0,4.0,67.0,32.0,0.0,0.0,0.0,1.0,0.0,1.0,5.225498068981291
2020-02-29 09:33:00,..\..\Data\Data HCM\_MNR_SENSOR_DATA_\emotion_tags\image_tag,22646-44678-1582943661.jpg,4.0,4.0,3.0,2.0,5.0,4.0,4.0,4.0,67.0,32.0,0.0,0.0,0.0,1.0,0.0,1.0,5.225498068981291
2020-02-29 09:37:00,..\..\Data\Data HCM\_MNR_SENSOR_DATA_\emotion_tags\image_tag,22646-44678-1582943904.jpg,5.0,5.0,2.0,2.0,5.0,4.0,4.0,4.0,67.0,32.0,0.0,0.0,0.0,1.0,0.0,1.0,5.225498068981291
2020-02-29 09:41:00,..\..\Data\Data HCM\_MNR_SENSOR_DATA_\emotion_tags\image_tag,22646-44678-1582944101.jpg,3.0,3.0,4.0,4.0,3.0,3.0,3.0,3.0,67.0,32.0,0.0,0.0,0.0,1.0,0.0,1.0,4.311316225966489
2020-02-29 09:42:00,..\..\Data\Data HCM\_MNR_SENSOR_DATA_\emotion_tags\image_tag,22646-44678-1582944174.jpg,3.0,3.0,4.0,4.0,3.0,3.0,3.0,3.0,67.0,32.0,0.0,0.0,0.0,1.0,0.0,1.0,4.311316225966489
2020-02-29 09:44:00,..\..\Data\Data HCM\_MNR_SENSOR_DATA_\emotion_tags\image_tag,22646-44678-1582944290.jpg,3.0,3.0,4.0,4.0,3.0,3.0,3.0,3.0,67.0,32.0,0.0,0.0,0.0,1.0,0.0,1.0,4.311316225966489
2020-02-29 09:48:00,..\..\Data\Data HCM\_MNR_SENSOR_DATA_\emotion_tags\image_tag,22646-44678-1582944548.jpg,3.0,3.0,4.0,4.0,3.0,3.0,3.0,3.0,67.0,32.0,0.0,0.0,0.0,1.0,0.0,1.0,4.311316225966489
2020-02-29 09:52:00,..\..\Data\Data HCM\_MNR_SENSOR_DATA_\emotion_tags\image_tag,22646-44678-1582944781.jpg,2.0,3.0,4.0,4.0,3.0,3.0,3.0,3.0,67.0,32.0,0.0,0.0,0.0,1.0,0.0,1.0,4.311316225966489
2020-02-29 09:54:00,..\..\Data\Data HCM\_MNR_SENSOR_DATA_\emotion_tags\image_tag,22646-44678-1582944934.jpg,5.0,4.0,3.0,3.0,4.0,4.0,4.0,4.0,67.0,32.0,0.0,0.0,0.0,1.0,0.0,1.0,4.311316225966489
2020-02-29 09:59:00,..\..\Data\Data HCM\_MNR_SENSOR_DATA_\emotion_tags\image_tag,22646-44678-1582945174.jpg,3.0,3.0,4.0,4.0,3.0,3.0,3.0,3.0,67.0,32.0,0.0,0.0,0.0,1.0,0.0,1.0,2.242408859973279
2020-02-29 10:10:00,..\..\Data\Data HCM\_MNR_SENSOR_DATA_\emotion_tags\image_tag,22646-44678-1582945856.jpg,2.0,3.0,4.0,4.0,3.0,3.0,3.0,3.0,67.0,32.0,0.0,0.0,0.0,1.0,1.0,0.0,2.242408859973279
2020-02-29 10:14:00,..\..\Data\Data HCM\_MNR_SENSOR_DATA_\emotion_tags\image_tag,22646-44678-1582946109.jpg,2.0,3.0,4.0,4.0,3.0,3.0,3.0,3.0,67.0,32.0,0.0,0.0,0.0,1.0,1.0,0.0,2.4014782464947233
2020-02-29 10:19:00,..\..\Data\Data HCM\_MNR_SENSOR_DATA_\emotion_tags\image_tag,22646-44678-1582946373.jpg,5.0,4.0,4.0,4.0,3.0,3.0,3.0,4.0,67.0,32.0,0.0,0.0,0.0,1.0,1.0,0.0,2.4014782464947233
2020-02-29 11:58:00,..\..\Data\Data HCM\_MNR_SENSOR_DATA_\emotion_tags\image_tag,22646-44678-1582952394.jpg,2.0,3.0,4.0,4.0,2.0,2.0,2.0,2.0,61.0,39.0,1.0,0.0,0.0,1.0,1.0,0.0,2.3965662184675907
2020-02-29 12:03:00,..\..\Data\Data HCM\_MNR_SENSOR_DATA_\emotion_tags\image_tag,22646-44678-1582952644.jpg,4.0,3.0,4.0,4.0,2.0,3.0,3.0,3.0,54.0,42.0,1.0,1.0,0.0,0.0,1.0,0.0,2.3965662184675907
2020-02-29 12:07:00,..\..\Data\Data HCM\_MNR_SENSOR_DATA_\emotion_tags\image_tag,22646-44678-1582952894.jpg,2.0,2.0,4.0,4.0,2.0,2.0,2.0,2.0,52.0,38.0,0.0,1.0,0.0,0.0,1.0,0.0,2.3965662184675907
2020-02-29 12:14:00,..\..\Data\Data HCM\_MNR_SENSOR_DATA_\emotion_tags\image_tag,22646-44678-1582953284.jpg,3.0,3.0,3.0,3.0,3.0,3.0,3.0,3.0,51.0,42.0,0.0,1.0,0.0,0.0,1.0,0.0,4.454291201033603
2020-02-29 12:17:00,..\..\Data\Data HCM\_MNR_SENSOR_DATA_\emotion_tags\image_tag,22646-44678-1582953500.jpg,3.0,3.0,4.0,4.0,2.0,3.0,2.0,2.0,58.0,39.0,0.0,1.0,0.0,0.0,1.0,0.0,4.454291201033603
2020-02-29 12:21:00,..\..\Data\Data HCM\_MNR_SENSOR_DATA_\emotion_tags\image_tag,22646-44678-1582953687.jpg,3.0,2.0,3.0,3.0,2.0,2.0,3.0,3.0,47.0,41.0,1.0,1.0,0.0,0.0,1.0,0.0,4.454291201033603
2020-02-29 12:29:00,..\..\Data\Data HCM\_MNR_SENSOR_DATA_\emotion_tags\image_tag,22646-44678-1582954218.jpg,2.0,2.0,4.0,4.0,2.0,2.0,2.0,2.0,57.0,40.0,1.0,1.0,0.0,0.0,1.0,0.0,3.960083573718105
2020-02-29 12:41:00,..\..\Data\Data HCM\_MNR_SENSOR_DATA_\emotion_tags\image_tag,22646-44678-1582954884.jpg,2.0,2.0,4.0,4.0,2.0,2.0,2.0,2.0,57.0,43.0,1.0,1.0,0.0,0.0,1.0,0.0,3.960083573718105
2020-02-29 12:44:00,..\..\Data\Data HCM\_MNR_SENSOR_DATA_\emotion_tags\image_tag,22646-44678-1582955090.jpg,2.0,2.0,4.0,4.0,2.0,2.0,2.0,2.0,61.0,40.0,0.0,1.0,0.0,0.0,1.0,0.0,3.960083573718105
2020-02-29 16:43:00,..\..\Data\Data HCM\_MNR_SENSOR_DATA_\emotion_tags\image_tag,22646-44678-1582969430.jpg,2.0,3.0,4.0,4.0,3.0,3.0,3.0,3.0,63.0,40.0,1.0,0.0,1.0,0.0,0.0,1.0,2.7791099888271966
2020-02-29 16:48:00,..\..\Data\Data HCM\_MNR_SENSOR_DATA_\emotion_tags\image_tag,22646-44678-1582969765.jpg,1.0,3.0,3.0,3.0,3.0,3.0,3.0,3.0,75.0,32.0,0.0,0.0,1.0,0.0,0.0,1.0,2.7791099888271966
2020-02-29 16:55:00,..\..\Data\Data HCM\_MNR_SENSOR_DATA_\emotion_tags\image_tag,22646-44678-1582970150.jpg,1.0,3.0,4.0,4.0,4.0,4.0,4.0,4.0,73.0,32.0,0.0,0.0,1.0,0.0,0.0,1.0,2.7791099888271966
2020-02-29 17:02:00,..\..\Data\Data HCM\_MNR_SENSOR_DATA_\emotion_tags\image_tag,22646-44678-1582970563.jpg,1.0,2.0,4.0,4.0,4.0,3.0,3.0,3.0,71.0,32.0,0.0,0.0,1.0,0.0,0.0,1.0,5.223817080153297
2020-02-29 17:10:00,..\..\Data\Data HCM\_MNR_SENSOR_DATA_\emotion_tags\image_tag,22646-44678-1582971092.jpg,3.0,4.0,3.0,3.0,4.0,4.0,4.0,4.0,72.0,31.0,0.0,0.0,1.0,0.0,0.0,1.0,5.223817080153297
2020-02-29 17:14:00,..\..\Data\Data HCM\_MNR_SENSOR_DATA_\emotion_tags\image_tag,22646-44678-1582971430.jpg,2.0,3.0,5.0,5.0,4.0,3.0,3.0,3.0,71.0,31.0,0.0,0.0,1.0,0.0,0.0,1.0,5.223817080153297
2020-02-29 17:23:00,..\..\Data\Data HCM\_MNR_SENSOR_DATA_\emotion_tags\image_tag,22646-44678-1582971903.jpg,3.0,4.0,5.0,5.0,5.0,4.0,4.0,4.0,74.0,31.0,0.0,0.0,1.0,0.0,0.0,1.0,2.781255131426577
2020-02-29 17:29:00,..\..\Data\Data HCM\_MNR_SENSOR_DATA_\emotion_tags\image_tag,22646-44678-1582972209.jpg,2.0,3.0,5.0,5.0,4.0,3.0,3.0,3.0,76.0,31.0,0.0,0.0,1.0,0.0,0.0,1.0,2.781255131426577
2020-02-29 17:46:00,..\..\Data\Data HCM\_MNR_SENSOR_DATA_\emotion_tags\image_tag,22646-44678-1582973264.jpg,2.0,3.0,5.0,5.0,4.0,4.0,4.0,4.0,91.0,32.0,0.0,0.0,1.0,0.0,0.0,1.0,1.8260832463959416
2020-02-29 18:01:00,..\..\Data\Data HCM\_MNR_SENSOR_DATA_\emotion_tags\image_tag,22646-44678-1582974128.jpg,3.0,4.0,2.0,2.0,4.0,4.0,4.0,4.0,91.0,32.0,0.0,0.0,1.0,0.0,0.0,1.0,1.8260832463959416
2020-03-01 07:51:00,..\..\Data\Data HCM\_MNR_SENSOR_DATA_\emotion_tags\image_tag,22646-44678-1583024044.jpg,2.0,3.0,4.0,4.0,4.0,4.0,4.0,4.0,91.0,32.0,0.0,0.0,0.0,1.0,0.0,1.0,1.794260863451812
2020-03-01 07:59:00,..\..\Data\Data HCM\_MNR_SENSOR_DATA_\emotion_tags\image_tag,22646-44678-1583024419.jpg,4.0,4.0,3.0,3.0,4.0,4.0,4.0,4.0,86.0,30.0,0.0,0.0,0.0,1.0,0.0,1.0,1.794260863451812
2020-03-01 08:04:00,..\..\Data\Data HCM\_MNR_SENSOR_DATA_\emotion_tags\image_tag,22646-44678-1583024716.jpg,2.0,3.0,3.0,3.0,4.0,4.0,4.0,4.0,85.0,29.0,0.0,0.0,0.0,1.0,0.0,1.0,1.794260863451812
2020-03-01 08:10:00,..\..\Data\Data HCM\_MNR_SENSOR_DATA_\emotion_tags\image_tag,22646-44678-1583025022.jpg,2.0,3.0,3.0,3.0,4.0,4.0,4.0,4.0,85.0,30.0,0.0,0.0,0.0,1.0,0.0,1.0,4.190769802088731
2020-03-01 08:15:00,..\..\Data\Data HCM\_MNR_SENSOR_DATA_\emotion_tags\image_tag,22646-44678-1583025380.jpg,4.0,4.0,2.0,2.0,4.0,4.0,4.0,4.0,86.0,29.0,0.0,0.0,0.0,1.0,0.0,1.0,4.190769802088731
2020-03-01 08:21:00,..\..\Data\Data HCM\_MNR_SENSOR_DATA_\emotion_tags\image_tag,22646-44678-1583025698.jpg,1.0,3.0,2.0,2.0,4.0,4.0,4.0,4.0,88.0,29.0,0.0,0.0,0.0,1.0,0.0,1.0,4.190769802088731
2020-03-01 08:31:00,..\..\Data\Data HCM\_MNR_SENSOR_DATA_\emotion_tags\image_tag,22646-44678-1583026326.jpg,2.0,3.0,2.0,2.0,4.0,4.0,4.0,4.0,85.0,30.0,0.0,0.0,0.0,1.0,0.0,1.0,3.400195833711558
2020-03-01 08:35:00,..\..\Data\Data HCM\_MNR_SENSOR_DATA_\emotion_tags\image_tag,22646-44678-1583026568.jpg,2.0,4.0,2.0,2.0,4.0,4.0,4.0,4.0,85.0,31.0,0.0,0.0,0.0,1.0,0.0,1.0,3.400195833711558
2020-03-01 08:40:00,..\..\Data\Data HCM\_MNR_SENSOR_DATA_\emotion_tags\image_tag,22646-44678-1583026874.jpg,3.0,3.0,2.0,2.0,4.0,4.0,3.0,3.0,82.0,31.0,0.0,0.0,0.0,1.0,0.0,1.0,3.400195833711558
2020-03-01 08:42:00,..\..\Data\Data HCM\_MNR_SENSOR_DATA_\emotion_tags\image_tag,22646-44678-1583027018.jpg,3.0,3.0,3.0,3.0,3.0,3.0,3.0,3.0,79.0,33.0,0.0,0.0,0.0,1.0,0.0,1.0,3.400195833711558
2020-03-01 08:47:00,..\..\Data\Data HCM\_MNR_SENSOR_DATA_\emotion_tags\image_tag,22646-44678-1583027284.jpg,2.0,3.0,3.0,3.0,3.0,3.0,3.0,3.0,79.0,33.0,0.0,0.0,0.0,1.0,0.0,1.0,1.8283233477342271
2020-03-01 08:51:00,..\..\Data\Data HCM\_MNR_SENSOR_DATA_\emotion_tags\image_tag,22646-44678-1583027499.jpg,2.0,2.0,3.0,3.0,3.0,3.0,3.0,3.0,79.0,33.0,0.0,0.0,0.0,1.0,0.0,1.0,1.8283233477342271
2020-03-01 08:53:00,..\..\Data\Data HCM\_MNR_SENSOR_DATA_\emotion_tags\image_tag,22646-44678-1583027643.jpg,2.0,3.0,3.0,2.0,3.0,3.0,3.0,3.0,79.0,33.0,0.0,0.0,0.0,1.0,0.0,1.0,1.8283233477342271
2020-03-01 08:56:00,..\..\Data\Data HCM\_MNR_SENSOR_DATA_\emotion_tags\image_tag,22646-44678-1583027812.jpg,3.0,3.0,2.0,2.0,3.0,3.0,3.0,3.0,79.0,33.0,0.0,0.0,0.0,1.0,0.0,1.0,1.8283233477342271
2020-03-01 08:58:00,..\..\Data\Data HCM\_MNR_SENSOR_DATA_\emotion_tags\image_tag,22646-44678-1583027956.jpg,2.0,2.0,2.0,2.0,3.0,3.0,3.0,3.0,79.0,33.0,0.0,0.0,0.0,1.0,0.0,1.0,1.8283233477342271
2020-03-01 09:01:00,..\..\Data\Data HCM\_MNR_SENSOR_DATA_\emotion_tags\image_tag,22646-44678-1583028136.jpg,2.0,2.0,3.0,3.0,3.0,3.0,3.0,4.0,79.0,33.0,0.0,0.0,0.0,1.0,0.0,1.0,1.8283233477342271
2020-03-01 09:55:00,..\..\Data\Data HCM\_MNR_SENSOR_DATA_\emotion_tags\image_tag,22646-44678-1583031355.jpg,5.0,5.0,5.0,5.0,5.0,5.0,5.0,5.0,79.0,33.0,0.0,0.0,0.0,1.0,0.0,1.0,1.6115426957382748
2020-03-01 12:10:00,..\..\Data\Data HCM\_MNR_SENSOR_DATA_\emotion_tags\image_tag,22895-44678-1583039519.jpg,3.0,3.0,4.0,4.0,2.0,2.0,3.0,3.0,79.0,33.0,0.0,1.0,0.0,0.0,1.0,0.0,2.1319780909505783
2020-03-01 12:13:00,..\..\Data\Data HCM\_MNR_SENSOR_DATA_\emotion_tags\image_tag,22895-44678-1583039664.jpg,2.0,3.0,3.0,3.0,3.0,3.0,3.0,3.0,79.0,33.0,0.0,1.0,0.0,0.0,1.0,0.0,2.1319780909505783
2020-03-01 12:21:00,..\..\Data\Data HCM\_MNR_SENSOR_DATA_\emotion_tags\image_tag,22895-44678-1583040123.jpg,3.0,3.0,4.0,4.0,2.0,3.0,3.0,3.0,79.0,33.0,0.0,1.0,0.0,0.0,1.0,0.0,2.1319780909505783
2020-03-01 12:23:00,..\..\Data\Data HCM\_MNR_SENSOR_DATA_\emotion_tags\image_tag,22895-44678-1583040280.jpg,4.0,4.0,3.0,3.0,3.0,3.0,3.0,3.0,76.0,39.0,0.0,1.0,0.0,0.0,1.0,0.0,2.1319780909505783
2020-03-01 12:26:00,..\..\Data\Data HCM\_MNR_SENSOR_DATA_\emotion_tags\image_tag,22895-44678-1583040452.jpg,3.0,3.0,3.0,3.0,3.0,3.0,3.0,3.0,76.0,39.0,0.0,1.0,0.0,0.0,1.0,0.0,2.6140294579587295
2020-03-01 12:30:00,..\..\Data\Data HCM\_MNR_SENSOR_DATA_\emotion_tags\image_tag,22895-44678-1583040727.jpg,2.0,2.0,2.0,3.0,2.0,2.0,2.0,2.0,77.0,39.0,0.0,1.0,0.0,0.0,1.0,0.0,2.6140294579587295
2020-03-01 12:45:00,..\..\Data\Data HCM\_MNR_SENSOR_DATA_\emotion_tags\image_tag,22895-44678-1583041534.jpg,2.0,2.0,3.0,3.0,2.0,2.0,2.0,2.0,77.0,39.0,0.0,1.0,0.0,0.0,1.0,0.0,4.152886072072368
2020-03-01 12:51:00,..\..\Data\Data HCM\_MNR_SENSOR_DATA_\emotion_tags\image_tag,22895-44678-1583041931.jpg,3.0,2.0,2.0,2.0,2.0,2.0,2.0,2.0,77.0,39.0,0.0,1.0,0.0,0.0,1.0,0.0,4.152886072072368
2020-03-01 13:00:00,..\..\Data\Data HCM\_MNR_SENSOR_DATA_\emotion_tags\image_tag,22895-44678-1583042466.jpg,1.0,1.0,2.0,2.0,1.0,2.0,2.0,2.0,77.0,39.0,0.0,1.0,0.0,0.0,1.0,0.0,4.337645201450138
2020-03-01 13:08:00,..\..\Data\Data HCM\_MNR_SENSOR_DATA_\emotion_tags\image_tag,22895-44678-1583042937.jpg,1.0,1.0,2.0,2.0,2.0,2.0,2.0,2.0,77.0,39.0,0.0,1.0,0.0,0.0,1.0,0.0,4.337645201450138
2020-03-01 13:12:00,..\..\Data\Data HCM\_MNR_SENSOR_DATA_\emotion_tags\image_tag,22895-44678-1583043197.jpg,1.0,2.0,2.0,2.0,2.0,2.0,2.0,2.0,77.0,39.0,0.0,1.0,0.0,0.0,1.0,0.0,4.337645201450138
2020-03-01 13:19:00,..\..\Data\Data HCM\_MNR_SENSOR_DATA_\emotion_tags\image_tag,22895-44678-1583043576.jpg,2.0,2.0,3.0,3.0,2.0,2.0,2.0,2.0,77.0,39.0,0.0,1.0,0.0,0.0,1.0,0.0,2.3985156189070276
2020-03-01 13:23:00,..\..\Data\Data HCM\_MNR_SENSOR_DATA_\emotion_tags\image_tag,22895-44678-1583043843.jpg,2.0,2.0,3.0,3.0,2.0,2.0,2.0,2.0,77.0,39.0,0.0,1.0,0.0,0.0,1.0,0.0,2.3985156189070276
2020-03-01 13:31:00,..\..\Data\Data HCM\_MNR_SENSOR_DATA_\emotion_tags\image_tag,22895-44678-1583044293.jpg,1.0,2.0,3.0,3.0,2.0,2.0,2.0,2.0,77.0,39.0,0.0,1.0,0.0,0.0,1.0,0.0,2.3985156189070276
2020-03-01 13:33:00,..\..\Data\Data HCM\_MNR_SENSOR_DATA_\emotion_tags\image_tag,22895-44678-1583044455.jpg,2.0,3.0,3.0,3.0,3.0,3.0,3.0,3.0,77.0,39.0,0.0,1.0,0.0,0.0,1.0,0.0,2.3985156189070276
2020-03-01 13:36:00,..\..\Data\Data HCM\_MNR_SENSOR_DATA_\emotion_tags\image_tag,22895-44678-1583044627.jpg,1.0,1.0,4.0,3.0,2.0,2.0,2.0,2.0,77.0,39.0,0.0,1.0,0.0,0.0,1.0,0.0,2.056950113872088
2020-03-01 16:50:00,..\..\Data\Data HCM\_MNR_SENSOR_DATA_\emotion_tags\image_tag,22895-44678-1583056257.jpg,2.0,3.0,4.0,4.0,3.0,3.0,3.0,3.0,81.0,34.0,0.0,0.0,1.0,0.0,0.0,1.0,2.396681937392536
2020-03-01 16:56:00,..\..\Data\Data HCM\_MNR_SENSOR_DATA_\emotion_tags\image_tag,22895-44678-1583056620.jpg,4.0,4.0,4.0,4.0,4.0,4.0,4.0,5.0,84.0,33.0,0.0,0.0,1.0,0.0,0.0,1.0,2.396681937392536
2020-03-01 17:00:00,..\..\Data\Data HCM\_MNR_SENSOR_DATA_\emotion_tags\image_tag,22895-44678-1583056836.jpg,2.0,3.0,4.0,4.0,4.0,4.0,4.0,4.0,81.0,33.0,0.0,0.0,1.0,0.0,0.0,1.0,2.396681937392536
2020-03-01 17:04:00,..\..\Data\Data HCM\_MNR_SENSOR_DATA_\emotion_tags\image_tag,22895-44678-1583057100.jpg,3.0,3.0,4.0,4.0,4.0,4.0,4.0,4.0,82.0,33.0,0.0,0.0,1.0,0.0,0.0,1.0,2.396681937392536
2020-03-01 17:11:00,..\..\Data\Data HCM\_MNR_SENSOR_DATA_\emotion_tags\image_tag,22895-44678-1583057512.jpg,4.0,4.0,4.0,4.0,4.0,4.0,4.0,4.0,84.0,32.0,0.0,0.0,1.0,0.0,0.0,1.0,4.80578201403075
2020-03-01 17:13:00,..\..\Data\Data HCM\_MNR_SENSOR_DATA_\emotion_tags\image_tag,22895-44678-1583057691.jpg,4.0,4.0,3.0,4.0,4.0,4.0,4.0,4.0,81.0,32.0,0.0,0.0,1.0,0.0,0.0,1.0,4.80578201403075
2020-03-01 17:17:00,..\..\Data\Data HCM\_MNR_SENSOR_DATA_\emotion_tags\image_tag,22895-44678-1583057879.jpg,3.0,4.0,2.0,2.0,4.0,4.0,4.0,4.0,87.0,32.0,0.0,0.0,1.0,0.0,0.0,1.0,4.80578201403075
2020-03-01 17:26:00,..\..\Data\Data HCM\_MNR_SENSOR_DATA_\emotion_tags\image_tag,22895-44678-1583058411.jpg,3.0,3.0,4.0,4.0,4.0,4.0,4.0,4.0,90.0,32.0,0.0,0.0,1.0,0.0,0.0,1.0,3.969815416337179
2020-03-01 17:30:00,..\..\Data\Data HCM\_MNR_SENSOR_DATA_\emotion_tags\image_tag,22895-44678-1583058663.jpg,1.0,2.0,4.0,4.0,4.0,3.0,4.0,4.0,92.0,31.0,0.0,0.0,1.0,0.0,0.0,1.0,3.969815416337179
2020-03-01 17:38:00,..\..\Data\Data HCM\_MNR_SENSOR_DATA_\emotion_tags\image_tag,22895-44678-1583059116.jpg,2.0,3.0,4.0,4.0,4.0,4.0,4.0,4.0,86.0,31.0,0.0,0.0,1.0,0.0,0.0,1.0,3.969815416337179
2020-03-01 17:43:00,..\..\Data\Data HCM\_MNR_SENSOR_DATA_\emotion_tags\image_tag,22895-44678-1583059445.jpg,2.0,3.0,4.0,4.0,4.0,4.0,4.0,4.0,85.0,32.0,0.0,0.0,1.0,0.0,0.0,1.0,2.1342119469845855
2020-03-02 07:58:00,..\..\Data\Data HCM\_MNR_SENSOR_DATA_\emotion_tags\image_tag,22895-44678-1583110762.jpg,2.0,3.0,5.0,5.0,4.0,4.0,4.0,4.0,99.0,31.0,0.0,0.0,0.0,1.0,0.0,1.0,2.2305799351709905
2020-03-02 08:05:00,..\..\Data\Data HCM\_MNR_SENSOR_DATA_\emotion_tags\image_tag,22895-44678-1583111138.jpg,3.0,3.0,5.0,4.0,4.0,4.0,4.0,3.0,99.0,30.0,0.0,0.0,0.0,1.0,0.0,1.0,2.2305799351709905
2020-03-02 08:07:00,..\..\Data\Data HCM\_MNR_SENSOR_DATA_\emotion_tags\image_tag,22895-44678-1583111278.jpg,2.0,3.0,5.0,5.0,3.0,3.0,3.0,3.0,99.0,29.0,0.0,0.0,0.0,1.0,0.0,1.0,2.2305799351709905
2020-03-02 08:09:00,..\..\Data\Data HCM\_MNR_SENSOR_DATA_\emotion_tags\image_tag,22895-44678-1583111395.jpg,3.0,3.0,5.0,5.0,4.0,3.0,3.0,3.0,99.0,28.0,0.0,0.0,0.0,1.0,0.0,1.0,2.2305799351709905
2020-03-02 08:16:00,..\..\Data\Data HCM\_MNR_SENSOR_DATA_\emotion_tags\image_tag,22895-44678-1583111824.jpg,3.0,4.0,5.0,5.0,4.0,4.0,4.0,4.0,95.0,30.0,0.0,0.0,0.0,1.0,0.0,1.0,4.813997028659633
2020-03-02 08:18:00,..\..\Data\Data HCM\_MNR_SENSOR_DATA_\emotion_tags\image_tag,22895-44678-1583111960.jpg,3.0,3.0,4.0,4.0,4.0,4.0,4.0,4.0,94.0,29.0,0.0,0.0,0.0,1.0,0.0,1.0,4.813997028659633
2020-03-02 08:22:00,..\..\Data\Data HCM\_MNR_SENSOR_DATA_\emotion_tags\image_tag,22895-44678-1583112210.jpg,2.0,2.0,4.0,4.0,4.0,3.0,3.0,3.0,93.0,31.0,0.0,0.0,0.0,1.0,0.0,1.0,4.813997028659633
2020-03-02 08:30:00,..\..\Data\Data HCM\_MNR_SENSOR_DATA_\emotion_tags\image_tag,22895-44678-1583112691.jpg,2.0,2.0,4.0,4.0,3.0,3.0,3.0,3.0,88.0,30.0,0.0,0.0,0.0,1.0,0.0,1.0,4.813997028659633
2020-03-02 08:37:00,..\..\Data\Data HCM\_MNR_SENSOR_DATA_\emotion_tags\image_tag,22895-44678-1583113059.jpg,2.0,3.0,5.0,5.0,4.0,4.0,4.0,4.0,89.0,30.0,0.0,0.0,0.0,1.0,0.0,1.0,3.4117543982939855
2020-03-02 08:42:00,..\..\Data\Data HCM\_MNR_SENSOR_DATA_\emotion_tags\image_tag,22895-44678-1583113358.jpg,2.0,3.0,5.0,5.0,4.0,4.0,4.0,4.0,88.0,32.0,0.0,0.0,0.0,1.0,0.0,1.0,3.4117543982939855
2020-03-02 08:45:00,..\..\Data\Data HCM\_MNR_SENSOR_DATA_\emotion_tags\image_tag,22895-44678-1583113565.jpg,2.0,3.0,5.0,5.0,4.0,4.0,4.0,4.0,88.0,33.0,0.0,0.0,0.0,1.0,0.0,1.0,3.4117543982939855
2020-03-02 08:49:00,..\..\Data\Data HCM\_MNR_SENSOR_DATA_\emotion_tags\image_tag,22895-44678-1583113810.jpg,3.0,4.0,4.0,5.0,4.0,4.0,4.0,4.0,97.0,32.0,0.0,0.0,0.0,1.0,0.0,1.0,3.4117543982939855
2020-03-02 11:52:00,..\..\Data\Data HCM\_MNR_SENSOR_DATA_\emotion_tags\image_tag,22895-44678-1583124787.jpg,3.0,3.0,5.0,5.0,2.0,2.0,2.0,2.0,84.0,36.0,0.0,0.0,0.0,1.0,1.0,0.0,2.232651959514643
2020-03-02 11:58:00,..\..\Data\Data HCM\_MNR_SENSOR_DATA_\emotion_tags\image_tag,22895-44678-1583125116.jpg,3.0,3.0,5.0,5.0,2.0,2.0,2.0,2.0,70.0,38.0,0.0,0.0,0.0,1.0,1.0,0.0,2.232651959514643
2020-03-02 12:00:00,..\..\Data\Data HCM\_MNR_SENSOR_DATA_\emotion_tags\image_tag,22895-44678-1583125269.jpg,3.0,3.0,5.0,5.0,2.0,2.0,2.0,2.0,70.0,38.0,0.0,1.0,0.0,0.0,1.0,0.0,2.232651959514643
2020-03-02 12:02:00,..\..\Data\Data HCM\_MNR_SENSOR_DATA_\emotion_tags\image_tag,22895-44678-1583125366.jpg,2.0,2.0,5.0,5.0,2.0,2.0,2.0,2.0,70.0,38.0,0.0,1.0,0.0,0.0,1.0,0.0,2.232651959514643
2020-03-02 12:09:00,..\..\Data\Data HCM\_MNR_SENSOR_DATA_\emotion_tags\image_tag,22895-44678-1583125800.jpg,2.0,2.0,5.0,5.0,2.0,2.0,2.0,2.0,70.0,38.0,0.0,1.0,0.0,0.0,1.0,0.0,4.168401565096117
2020-03-02 12:15:00,..\..\Data\Data HCM\_MNR_SENSOR_DATA_\emotion_tags\image_tag,22895-44678-1583126176.jpg,4.0,3.0,4.0,4.0,2.0,3.0,3.0,3.0,70.0,38.0,0.0,1.0,0.0,0.0,1.0,0.0,4.168401565096117
2020-03-02 12:19:00,..\..\Data\Data HCM\_MNR_SENSOR_DATA_\emotion_tags\image_tag,22895-44678-1583126371.jpg,4.0,3.0,4.0,4.0,2.0,3.0,3.0,3.0,70.0,38.0,0.0,1.0,0.0,0.0,1.0,0.0,4.168401565096117
2020-03-02 12:22:00,..\..\Data\Data HCM\_MNR_SENSOR_DATA_\emotion_tags\image_tag,22895-44678-1583126558.jpg,2.0,3.0,2.0,2.0,2.0,3.0,3.0,3.0,70.0,38.0,0.0,1.0,0.0,0.0,1.0,0.0,4.168401565096117
2020-03-02 12:29:00,..\..\Data\Data HCM\_MNR_SENSOR_DATA_\emotion_tags\image_tag,22895-44678-1583127008.jpg,3.0,3.0,3.0,2.0,2.0,3.0,3.0,3.0,70.0,38.0,0.0,1.0,0.0,0.0,1.0,0.0,3.967833408398367
2020-03-02 12:33:00,..\..\Data\Data HCM\_MNR_SENSOR_DATA_\emotion_tags\image_tag,22895-44678-1583127244.jpg,2.0,2.0,4.0,4.0,3.0,3.0,3.0,3.0,70.0,38.0,0.0,1.0,0.0,0.0,1.0,0.0,3.967833408398367
2020-03-02 12:37:00,..\..\Data\Data HCM\_MNR_SENSOR_DATA_\emotion_tags\image_tag,22895-44678-1583127522.jpg,2.0,2.0,4.0,3.0,3.0,3.0,3.0,3.0,70.0,38.0,0.0,1.0,0.0,0.0,1.0,0.0,3.967833408398367
2020-03-02 12:42:00,..\..\Data\Data HCM\_MNR_SENSOR_DATA_\emotion_tags\image_tag,22895-44678-1583127799.jpg,2.0,2.0,4.0,4.0,3.0,3.0,3.0,3.0,70.0,38.0,0.0,1.0,0.0,0.0,1.0,0.0,3.967833408398367
2020-03-02 12:45:00,..\..\Data\Data HCM\_MNR_SENSOR_DATA_\emotion_tags\image_tag,22895-44678-1583127973.jpg,3.0,2.0,4.0,4.0,2.0,2.0,2.0,2.0,70.0,38.0,0.0,1.0,0.0,0.0,1.0,0.0,2.240012951068897
2020-03-02 17:25:00,..\..\Data\Data HCM\_MNR_SENSOR_DATA_\emotion_tags\image_tag,22895-44678-1583144774.jpg,2.0,3.0,5.0,4.0,4.0,4.0,4.0,4.0,70.0,31.0,0.0,0.0,1.0,0.0,0.0,1.0,3.2729710606433153
2020-03-02 17:28:00,..\..\Data\Data HCM\_MNR_SENSOR_DATA_\emotion_tags\image_tag,22895-44678-1583144951.jpg,2.0,3.0,4.0,4.0,4.0,4.0,4.0,4.0,70.0,32.0,0.0,0.0,1.0,0.0,0.0,1.0,3.2729710606433153
2020-03-02 17:37:00,..\..\Data\Data HCM\_MNR_SENSOR_DATA_\emotion_tags\image_tag,22895-44678-1583145457.jpg,3.0,3.0,4.0,4.0,4.0,4.0,4.0,4.0,74.0,32.0,0.0,0.0,1.0,0.0,0.0,1.0,3.2729710606433153
2020-03-02 17:42:00,..\..\Data\Data HCM\_MNR_SENSOR_DATA_\emotion_tags\image_tag,22895-44678-1583145794.jpg,2.0,3.0,4.0,3.0,4.0,4.0,4.0,4.0,72.0,32.0,0.0,0.0,1.0,0.0,0.0,1.0,5.16994287318984
2020-03-02 17:44:00,..\..\Data\Data HCM\_MNR_SENSOR_DATA_\emotion_tags\image_tag,22895-44678-1583145921.jpg,2.0,3.0,4.0,3.0,4.0,4.0,4.0,4.0,76.0,31.0,0.0,0.0,1.0,0.0,0.0,1.0,5.16994287318984
2020-03-02 17:53:00,..\..\Data\Data HCM\_MNR_SENSOR_DATA_\emotion_tags\image_tag,22895-44678-1583146428.jpg,3.0,3.0,5.0,4.0,4.0,4.0,4.0,4.0,77.0,31.0,0.0,0.0,1.0,0.0,0.0,1.0,5.16994287318984
2020-03-02 17:57:00,..\..\Data\Data HCM\_MNR_SENSOR_DATA_\emotion_tags\image_tag,22895-44678-1583146671.jpg,2.0,3.0,5.0,4.0,4.0,4.0,4.0,4.0,79.0,31.0,0.0,0.0,1.0,0.0,0.0,1.0,5.16994287318984
2020-03-02 18:31:00,..\..\Data\Data HCM\_MNR_SENSOR_DATA_\emotion_tags\image_tag,22895-44678-1583148745.jpg,5.0,5.0,5.0,5.0,5.0,5.0,5.0,5.0,79.0,31.0,0.0,0.0,1.0,0.0,0.0,1.0,1.6093756259181984
2020-03-03 08:01:00,..\..\Data\Data HCM\_MNR_SENSOR_DATA_\emotion_tags\image_tag,22895-44678-1583197378.jpg,4.0,4.0,4.0,3.0,4.0,4.0,4.0,4.0,78.0,31.0,0.0,0.0,0.0,1.0,0.0,1.0,2.2254656657939043
2020-03-03 08:04:00,..\..\Data\Data HCM\_MNR_SENSOR_DATA_\emotion_tags\image_tag,22895-44678-1583197520.jpg,5.0,4.0,4.0,4.0,5.0,5.0,4.0,4.0,80.0,30.0,0.0,0.0,0.0,1.0,0.0,1.0,2.2254656657939043
2020-03-03 08:07:00,..\..\Data\Data HCM\_MNR_SENSOR_DATA_\emotion_tags\image_tag,22895-44678-1583197647.jpg,4.0,3.0,4.0,4.0,4.0,4.0,4.0,4.0,80.0,30.0,0.0,0.0,0.0,1.0,0.0,1.0,2.2254656657939043
2020-03-03 08:09:00,..\..\Data\Data HCM\_MNR_SENSOR_DATA_\emotion_tags\image_tag,22895-44678-1583197816.jpg,3.0,3.0,4.0,4.0,4.0,4.0,4.0,4.0,80.0,30.0,0.0,0.0,0.0,1.0,0.0,1.0,2.2254656657939043
2020-03-03 08:14:00,..\..\Data\Data HCM\_MNR_SENSOR_DATA_\emotion_tags\image_tag,22895-44678-1583198108.jpg,3.0,3.0,4.0,5.0,4.0,4.0,4.0,4.0,79.0,29.0,0.0,0.0,0.0,1.0,0.0,1.0,3.095484362100932
2020-03-03 08:16:00,..\..\Data\Data HCM\_MNR_SENSOR_DATA_\emotion_tags\image_tag,22895-44678-1583198244.jpg,2.0,3.0,4.0,5.0,4.0,4.0,4.0,4.0,80.0,30.0,0.0,0.0,0.0,1.0,0.0,1.0,3.095484362100932
2020-03-03 08:23:00,..\..\Data\Data HCM\_MNR_SENSOR_DATA_\emotion_tags\image_tag,22895-44678-1583198616.jpg,4.0,4.0,4.0,4.0,4.0,4.0,4.0,4.0,82.0,29.0,0.0,0.0,0.0,1.0,0.0,1.0,3.095484362100932
2020-03-03 08:26:00,..\..\Data\Data HCM\_MNR_SENSOR_DATA_\emotion_tags\image_tag,22895-44678-1583198808.jpg,4.0,4.0,4.0,4.0,4.0,4.0,4.0,4.0,80.0,29.0,0.0,0.0,0.0,1.0,0.0,1.0,4.822936084953792
2020-03-03 08:31:00,..\..\Data\Data HCM\_MNR_SENSOR_DATA_\emotion_tags\image_tag,22895-44678-1583199069.jpg,2.0,3.0,4.0,4.0,4.0,4.0,4.0,4.0,78.0,30.0,0.0,0.0,0.0,1.0,0.0,1.0,4.822936084953792
2020-03-03 08:42:00,..\..\Data\Data HCM\_MNR_SENSOR_DATA_\emotion_tags\image_tag,22895-44678-1583199762.jpg,2.0,3.0,4.0,4.0,4.0,3.0,3.0,3.0,75.0,31.0,0.0,0.0,0.0,1.0,0.0,1.0,3.4089937910125205
2020-03-03 08:47:00,..\..\Data\Data HCM\_MNR_SENSOR_DATA_\emotion_tags\image_tag,22895-44678-1583200069.jpg,1.0,2.0,4.0,4.0,4.0,4.0,4.0,4.0,74.0,30.0,0.0,0.0,0.0,1.0,0.0,1.0,3.4089937910125205
2020-03-03 08:51:00,..\..\Data\Data HCM\_MNR_SENSOR_DATA_\emotion_tags\image_tag,22895-44678-1583200313.jpg,1.0,3.0,4.0,4.0,4.0,4.0,4.0,4.0,71.0,31.0,0.0,0.0,0.0,1.0,0.0,1.0,3.4089937910125205
2020-03-03 08:54:00,..\..\Data\Data HCM\_MNR_SENSOR_DATA_\emotion_tags\image_tag,22895-44678-1583200479.jpg,3.0,4.0,4.0,4.0,4.0,4.0,4.0,4.0,72.0,31.0,0.0,0.0,0.0,1.0,0.0,1.0,3.4089937910125205
2020-03-03 12:08:00,..\..\Data\Data HCM\_MNR_SENSOR_DATA_\emotion_tags\image_tag,22895-44678-1583212129.jpg,4.0,3.0,4.0,4.0,2.0,3.0,3.0,3.0,64.0,38.0,0.0,1.0,0.0,0.0,1.0,0.0,2.609031432235393
2020-03-03 12:11:00,..\..\Data\Data HCM\_MNR_SENSOR_DATA_\emotion_tags\image_tag,22895-44678-1583212318.jpg,2.0,3.0,4.0,4.0,2.0,3.0,3.0,3.0,64.0,38.0,0.0,1.0,0.0,0.0,1.0,0.0,2.609031432235393
2020-03-03 12:16:00,..\..\Data\Data HCM\_MNR_SENSOR_DATA_\emotion_tags\image_tag,22895-44678-1583212640.jpg,2.0,2.0,4.0,4.0,2.0,3.0,3.0,3.0,64.0,38.0,0.0,1.0,0.0,0.0,1.0,0.0,2.609031432235393
2020-03-03 12:21:00,..\..\Data\Data HCM\_MNR_SENSOR_DATA_\emotion_tags\image_tag,22895-44678-1583212918.jpg,4.0,3.0,4.0,4.0,3.0,3.0,3.0,3.0,64.0,38.0,0.0,1.0,0.0,0.0,1.0,0.0,2.609031432235393
2020-03-03 12:24:00,..\..\Data\Data HCM\_MNR_SENSOR_DATA_\emotion_tags\image_tag,22895-44678-1583213078.jpg,4.0,3.0,4.0,4.0,3.0,3.0,3.0,3.0,64.0,38.0,0.0,1.0,0.0,0.0,1.0,0.0,4.8109347739652675
2020-03-03 12:27:00,..\..\Data\Data HCM\_MNR_SENSOR_DATA_\emotion_tags\image_tag,22895-44678-1583213280.jpg,2.0,2.0,4.0,4.0,2.0,2.0,2.0,2.0,64.0,38.0,0.0,1.0,0.0,0.0,1.0,0.0,4.8109347739652675
2020-03-03 12:33:00,..\..\Data\Data HCM\_MNR_SENSOR_DATA_\emotion_tags\image_tag,22895-44678-1583213668.jpg,1.0,2.0,3.0,3.0,1.0,2.0,2.0,2.0,64.0,38.0,0.0,1.0,0.0,0.0,1.0,0.0,4.8109347739652675
2020-03-03 12:36:00,..\..\Data\Data HCM\_MNR_SENSOR_DATA_\emotion_tags\image_tag,22895-44678-1583213838.jpg,2.0,2.0,4.0,4.0,2.0,3.0,3.0,3.0,64.0,38.0,0.0,1.0,0.0,0.0,1.0,0.0,4.8109347739652675
2020-03-03 12:44:00,..\..\Data\Data HCM\_MNR_SENSOR_DATA_\emotion_tags\image_tag,22895-44678-1583214299.jpg,2.0,3.0,4.0,4.0,2.0,2.0,2.0,2.0,64.0,38.0,0.0,1.0,0.0,0.0,1.0,0.0,2.826178931041041
2020-03-03 12:48:00,..\..\Data\Data HCM\_MNR_SENSOR_DATA_\emotion_tags\image_tag,22895-44678-1583214604.jpg,2.0,2.0,4.0,4.0,2.0,2.0,2.0,2.0,64.0,38.0,0.0,1.0,0.0,0.0,1.0,0.0,2.826178931041041
2020-03-03 12:54:00,..\..\Data\Data HCM\_MNR_SENSOR_DATA_\emotion_tags\image_tag,22895-44678-1583214877.jpg,2.0,2.0,4.0,4.0,2.0,2.0,2.0,2.0,64.0,38.0,0.0,1.0,0.0,0.0,1.0,0.0,2.826178931041041
2020-03-04 09:37:00,..\..\Data\Data HCM\_MNR_SENSOR_DATA_\emotion_tags\image_tag,22895-44678-1583289461.jpg,4.0,4.0,5.0,5.0,4.0,4.0,4.0,4.0,55.0,32.0,0.0,0.0,0.0,1.0,0.0,1.0,2.448314245785446
2020-03-04 09:40:00,..\..\Data\Data HCM\_MNR_SENSOR_DATA_\emotion_tags\image_tag,22895-44678-1583289687.jpg,3.0,3.0,5.0,5.0,4.0,4.0,4.0,4.0,81.0,32.0,0.0,0.0,0.0,1.0,0.0,1.0,2.448314245785446
2020-03-04 09:43:00,..\..\Data\Data HCM\_MNR_SENSOR_DATA_\emotion_tags\image_tag,22895-44678-1583289807.jpg,3.0,3.0,5.0,5.0,3.0,3.0,3.0,3.0,76.0,34.0,0.0,0.0,0.0,1.0,0.0,1.0,2.448314245785446
2020-03-04 09:46:00,..\..\Data\Data HCM\_MNR_SENSOR_DATA_\emotion_tags\image_tag,22895-44678-1583289998.jpg,3.0,3.0,5.0,5.0,3.0,3.0,3.0,3.0,69.0,32.0,0.0,0.0,0.0,1.0,0.0,1.0,2.448314245785446
2020-03-04 09:48:00,..\..\Data\Data HCM\_MNR_SENSOR_DATA_\emotion_tags\image_tag,22895-44678-1583290112.jpg,2.0,3.0,4.0,4.0,4.0,4.0,4.0,3.0,71.0,33.0,0.0,0.0,0.0,1.0,0.0,1.0,2.448314245785446
2020-03-04 09:53:00,..\..\Data\Data HCM\_MNR_SENSOR_DATA_\emotion_tags\image_tag,22895-44678-1583290434.jpg,4.0,4.0,4.0,4.0,4.0,4.0,4.0,4.0,74.0,31.0,0.0,0.0,0.0,1.0,0.0,1.0,4.855726443370384
2020-03-04 09:56:00,..\..\Data\Data HCM\_MNR_SENSOR_DATA_\emotion_tags\image_tag,22895-44678-1583290591.jpg,4.0,4.0,4.0,4.0,4.0,4.0,4.0,4.0,74.0,32.0,0.0,0.0,0.0,1.0,0.0,1.0,4.855726443370384
2020-03-04 10:05:00,..\..\Data\Data HCM\_MNR_SENSOR_DATA_\emotion_tags\image_tag,22895-44678-1583291159.jpg,2.0,3.0,4.0,4.0,4.0,3.0,3.0,3.0,73.0,33.0,0.0,0.0,0.0,1.0,1.0,0.0,4.855726443370384
2020-03-04 10:09:00,..\..\Data\Data HCM\_MNR_SENSOR_DATA_\emotion_tags\image_tag,22895-44678-1583291388.jpg,2.0,3.0,4.0,4.0,4.0,3.0,3.0,3.0,73.0,32.0,0.0,0.0,0.0,1.0,1.0,0.0,3.9631011696436595
2020-03-04 10:13:00,..\..\Data\Data HCM\_MNR_SENSOR_DATA_\emotion_tags\image_tag,22895-44678-1583291636.jpg,2.0,2.0,4.0,4.0,3.0,3.0,3.0,3.0,71.0,32.0,0.0,0.0,0.0,1.0,1.0,0.0,3.9631011696436595
2020-03-04 10:17:00,..\..\Data\Data HCM\_MNR_SENSOR_DATA_\emotion_tags\image_tag,22895-44678-1583291886.jpg,2.0,2.0,4.0,4.0,3.0,3.0,3.0,3.0,72.0,33.0,0.0,0.0,0.0,1.0,1.0,0.0,3.9631011696436595
2020-03-04 10:21:00,..\..\Data\Data HCM\_MNR_SENSOR_DATA_\emotion_tags\image_tag,22895-44678-1583292083.jpg,2.0,3.0,4.0,4.0,3.0,3.0,3.0,3.0,74.0,33.0,0.0,0.0,0.0,1.0,1.0,0.0,3.9631011696436595
2020-03-04 10:23:00,..\..\Data\Data HCM\_MNR_SENSOR_DATA_\emotion_tags\image_tag,22895-44678-1583292237.jpg,2.0,2.0,3.0,3.0,3.0,3.0,3.0,3.0,79.0,34.0,0.0,0.0,0.0,1.0,1.0,0.0,3.9631011696436595
2020-03-04 12:17:00,..\..\Data\Data HCM\_MNR_SENSOR_DATA_\emotion_tags\image_tag,22895-44678-1583299065.jpg,4.0,3.0,5.0,5.0,3.0,3.0,3.0,3.0,71.0,36.0,0.0,1.0,0.0,0.0,1.0,0.0,2.2665899613387137
2020-03-04 12:20:00,..\..\Data\Data HCM\_MNR_SENSOR_DATA_\emotion_tags\image_tag,22895-44678-1583299272.jpg,2.0,2.0,5.0,5.0,3.0,3.0,3.0,3.0,66.0,37.0,0.0,1.0,0.0,0.0,1.0,0.0,2.2665899613387137
2020-03-04 12:22:00,..\..\Data\Data HCM\_MNR_SENSOR_DATA_\emotion_tags\image_tag,22895-44678-1583299402.jpg,2.0,2.0,4.0,4.0,3.0,3.0,3.0,3.0,67.0,37.0,0.0,1.0,0.0,0.0,1.0,0.0,2.2665899613387137
2020-03-04 12:25:00,..\..\Data\Data HCM\_MNR_SENSOR_DATA_\emotion_tags\image_tag,22895-44678-1583299552.jpg,2.0,2.0,4.0,4.0,3.0,3.0,3.0,3.0,74.0,36.0,0.0,1.0,0.0,0.0,1.0,0.0,2.2665899613387137
2020-03-04 12:31:00,..\..\Data\Data HCM\_MNR_SENSOR_DATA_\emotion_tags\image_tag,22895-44678-1583299910.jpg,4.0,3.0,4.0,4.0,3.0,3.0,3.0,3.0,75.0,36.0,1.0,1.0,0.0,0.0,1.0,0.0,4.876151993380595
2020-03-04 12:34:00,..\..\Data\Data HCM\_MNR_SENSOR_DATA_\emotion_tags\image_tag,22895-44678-1583300081.jpg,4.0,4.0,4.0,4.0,3.0,3.0,3.0,3.0,77.0,39.0,1.0,1.0,0.0,0.0,1.0,0.0,4.876151993380595
2020-03-04 12:37:00,..\..\Data\Data HCM\_MNR_SENSOR_DATA_\emotion_tags\image_tag,22895-44678-1583300294.jpg,1.0,2.0,4.0,4.0,2.0,2.0,2.0,2.0,74.0,40.0,1.0,1.0,0.0,0.0,1.0,0.0,4.876151993380595
2020-03-04 12:42:00,..\..\Data\Data HCM\_MNR_SENSOR_DATA_\emotion_tags\image_tag,22895-44678-1583300570.jpg,1.0,2.0,4.0,4.0,3.0,3.0,3.0,3.0,83.0,41.0,0.0,1.0,0.0,0.0,1.0,0.0,4.876151993380595
2020-03-04 12:49:00,..\..\Data\Data HCM\_MNR_SENSOR_DATA_\emotion_tags\image_tag,22895-44678-1583301009.jpg,2.0,2.0,4.0,4.0,2.0,2.0,2.0,2.0,83.0,40.0,1.0,1.0,0.0,0.0,1.0,0.0,3.400268160671535
2020-03-04 12:55:00,..\..\Data\Data HCM\_MNR_SENSOR_DATA_\emotion_tags\image_tag,22895-44678-1583301334.jpg,2.0,2.0,3.0,3.0,2.0,2.0,2.0,2.0,71.0,41.0,1.0,1.0,0.0,0.0,1.0,0.0,3.400268160671535
2020-03-04 12:58:00,..\..\Data\Data HCM\_MNR_SENSOR_DATA_\emotion_tags\image_tag,22895-44678-1583301530.jpg,2.0,3.0,3.0,3.0,3.0,3.0,3.0,3.0,77.0,42.0,0.0,1.0,0.0,0.0,1.0,0.0,3.400268160671535
2020-03-04 13:00:00,..\..\Data\Data HCM\_MNR_SENSOR_DATA_\emotion_tags\image_tag,22895-44678-1583301646.jpg,2.0,3.0,4.0,4.0,3.0,3.0,3.0,3.0,78.0,40.0,0.0,1.0,0.0,0.0,1.0,0.0,3.400268160671535
2020-03-04 17:08:00,..\..\Data\Data HCM\_MNR_SENSOR_DATA_\emotion_tags\image_tag,22895-44678-1583316505.jpg,4.0,4.0,5.0,5.0,4.0,4.0,4.0,4.0,91.0,32.0,0.0,0.0,1.0,0.0,0.0,1.0,2.5328729954945564
2020-03-04 17:10:00,..\..\Data\Data HCM\_MNR_SENSOR_DATA_\emotion_tags\image_tag,22895-44678-1583316678.jpg,2.0,3.0,5.0,5.0,4.0,4.0,4.0,4.0,87.0,31.0,0.0,0.0,1.0,0.0,0.0,1.0,2.5328729954945564
2020-03-04 17:14:00,..\..\Data\Data HCM\_MNR_SENSOR_DATA_\emotion_tags\image_tag,22895-44678-1583316894.jpg,2.0,3.0,4.0,4.0,4.0,4.0,4.0,4.0,87.0,31.0,0.0,0.0,1.0,0.0,0.0,1.0,2.5328729954945564
2020-03-04 17:18:00,..\..\Data\Data HCM\_MNR_SENSOR_DATA_\emotion_tags\image_tag,22895-44678-1583317157.jpg,4.0,4.0,5.0,5.0,4.0,4.0,4.0,4.0,86.0,30.0,0.0,0.0,1.0,0.0,0.0,1.0,2.5328729954945564
2020-03-04 17:22:00,..\..\Data\Data HCM\_MNR_SENSOR_DATA_\emotion_tags\image_tag,22895-44678-1583317344.jpg,4.0,4.0,4.0,4.0,4.0,4.0,4.0,4.0,86.0,31.0,0.0,0.0,1.0,0.0,0.0,1.0,2.5328729954945564
2020-03-04 17:24:00,..\..\Data\Data HCM\_MNR_SENSOR_DATA_\emotion_tags\image_tag,22895-44678-1583317494.jpg,2.0,3.0,4.0,4.0,4.0,4.0,4.0,4.0,84.0,30.0,0.0,0.0,1.0,0.0,0.0,1.0,5.184178315659661
2020-03-04 17:31:00,..\..\Data\Data HCM\_MNR_SENSOR_DATA_\emotion_tags\image_tag,22895-44678-1583317931.jpg,2.0,3.0,4.0,4.0,4.0,3.0,3.0,3.0,93.0,31.0,0.0,0.0,1.0,0.0,0.0,1.0,5.184178315659661
2020-03-04 17:39:00,..\..\Data\Data HCM\_MNR_SENSOR_DATA_\emotion_tags\image_tag,22895-44678-1583318374.jpg,2.0,3.0,5.0,5.0,4.0,4.0,3.0,3.0,96.0,30.0,0.0,0.0,1.0,0.0,0.0,1.0,5.184178315659661
2020-03-04 17:44:00,..\..\Data\Data HCM\_MNR_SENSOR_DATA_\emotion_tags\image_tag,22895-44678-1583318749.jpg,3.0,3.0,5.0,5.0,4.0,3.0,3.0,3.0,80.0,31.0,0.0,0.0,1.0,0.0,0.0,1.0,2.231878175387262
2020-03-05 07:41:00,..\..\Data\Data HCM\_MNR_SENSOR_DATA_\emotion_tags\image_tag,22895-44678-1583368934.jpg,2.0,3.0,5.0,5.0,4.0,4.0,4.0,4.0,96.0,28.0,0.0,0.0,0.0,1.0,0.0,1.0,2.3962253816710355
2020-03-05 07:46:00,..\..\Data\Data HCM\_MNR_SENSOR_DATA_\emotion_tags\image_tag,22895-44678-1583369274.jpg,5.0,4.0,5.0,5.0,4.0,3.0,3.0,4.0,93.0,28.0,0.0,0.0,0.0,1.0,0.0,1.0,2.3962253816710355
2020-03-05 07:50:00,..\..\Data\Data HCM\_MNR_SENSOR_DATA_\emotion_tags\image_tag,22895-44678-1583369481.jpg,2.0,3.0,5.0,5.0,4.0,4.0,2.0,4.0,98.0,29.0,0.0,0.0,0.0,1.0,0.0,1.0,2.3962253816710355
2020-03-05 07:53:00,..\..\Data\Data HCM\_MNR_SENSOR_DATA_\emotion_tags\image_tag,22895-44678-1583369646.jpg,2.0,3.0,5.0,5.0,4.0,4.0,2.0,4.0,99.0,29.0,0.0,0.0,0.0,1.0,0.0,1.0,2.3962253816710355
2020-03-05 07:56:00,..\..\Data\Data HCM\_MNR_SENSOR_DATA_\emotion_tags\image_tag,22895-44678-1583369857.jpg,2.0,2.0,5.0,5.0,4.0,2.0,4.0,3.0,99.0,29.0,0.0,0.0,0.0,1.0,0.0,1.0,4.167300647663691
2020-03-05 08:03:00,..\..\Data\Data HCM\_MNR_SENSOR_DATA_\emotion_tags\image_tag,22895-44678-1583370247.jpg,4.0,4.0,5.0,5.0,4.0,4.0,1.0,4.0,99.0,30.0,0.0,0.0,0.0,1.0,0.0,1.0,4.167300647663691
2020-03-05 08:05:00,..\..\Data\Data HCM\_MNR_SENSOR_DATA_\emotion_tags\image_tag,22895-44678-1583370384.jpg,4.0,4.0,5.0,5.0,4.0,4.0,2.0,4.0,99.0,29.0,0.0,0.0,0.0,1.0,0.0,1.0,4.167300647663691
2020-03-05 08:11:00,..\..\Data\Data HCM\_MNR_SENSOR_DATA_\emotion_tags\image_tag,22895-44678-1583370733.jpg,1.0,3.0,2.0,2.0,4.0,4.0,2.0,4.0,99.0,29.0,0.0,0.0,0.0,1.0,0.0,1.0,5.218414939998898
2020-03-05 08:18:00,..\..\Data\Data HCM\_MNR_SENSOR_DATA_\emotion_tags\image_tag,22895-44678-1583371111.jpg,1.0,2.0,5.0,5.0,4.0,4.0,3.0,4.0,98.0,29.0,0.0,0.0,0.0,1.0,0.0,1.0,5.218414939998898
2020-03-05 08:21:00,..\..\Data\Data HCM\_MNR_SENSOR_DATA_\emotion_tags\image_tag,22895-44678-1583371338.jpg,3.0,3.0,4.0,4.0,4.0,3.0,2.0,3.0,97.0,30.0,0.0,0.0,0.0,1.0,0.0,1.0,5.218414939998898
2020-03-05 08:26:00,..\..\Data\Data HCM\_MNR_SENSOR_DATA_\emotion_tags\image_tag,22895-44678-1583371591.jpg,1.0,2.0,4.0,4.0,4.0,3.0,3.0,3.0,99.0,30.0,0.0,0.0,0.0,1.0,0.0,1.0,5.218414939998898
2020-03-05 08:31:00,..\..\Data\Data HCM\_MNR_SENSOR_DATA_\emotion_tags\image_tag,22895-44678-1583371913.jpg,2.0,3.0,4.0,4.0,4.0,4.0,2.0,4.0,99.0,30.0,0.0,0.0,0.0,1.0,0.0,1.0,2.6858064801412755
2020-03-05 08:34:00,..\..\Data\Data HCM\_MNR_SENSOR_DATA_\emotion_tags\image_tag,22895-44678-1583372099.jpg,2.0,3.0,5.0,5.0,4.0,4.0,2.0,3.0,87.0,31.0,0.0,0.0,0.0,1.0,0.0,1.0,2.6858064801412755
2020-03-05 08:37:00,..\..\Data\Data HCM\_MNR_SENSOR_DATA_\emotion_tags\image_tag,22895-44678-1583372274.jpg,2.0,2.0,5.0,5.0,4.0,3.0,2.0,3.0,86.0,32.0,0.0,0.0,0.0,1.0,0.0,1.0,2.6858064801412755
2020-03-05 12:02:00,..\..\Data\Data HCM\_MNR_SENSOR_DATA_\emotion_tags\image_tag,22895-44678-1583384603.jpg,4.0,3.0,5.0,5.0,2.0,2.0,4.0,2.0,34.0,40.0,0.0,1.0,0.0,0.0,1.0,0.0,2.5528369548051204
2020-03-05 12:05:00,..\..\Data\Data HCM\_MNR_SENSOR_DATA_\emotion_tags\image_tag,22895-44678-1583384795.jpg,2.0,2.0,5.0,5.0,2.0,2.0,4.0,3.0,33.0,41.0,0.0,1.0,0.0,0.0,1.0,0.0,2.5528369548051204
2020-03-05 12:09:00,..\..\Data\Data HCM\_MNR_SENSOR_DATA_\emotion_tags\image_tag,22895-44678-1583385000.jpg,2.0,2.0,5.0,5.0,2.0,2.0,4.0,2.0,52.0,42.0,1.0,1.0,0.0,0.0,1.0,0.0,2.5528369548051204
2020-03-05 12:10:00,..\..\Data\Data HCM\_MNR_SENSOR_DATA_\emotion_tags\image_tag,22895-44678-1583385085.jpg,2.0,2.0,5.0,5.0,2.0,2.0,4.0,2.0,51.0,42.0,1.0,1.0,0.0,0.0,1.0,0.0,2.5528369548051204
2020-03-05 12:14:00,..\..\Data\Data HCM\_MNR_SENSOR_DATA_\emotion_tags\image_tag,22895-44678-1583385326.jpg,4.0,4.0,3.0,3.0,3.0,3.0,3.0,3.0,57.0,38.0,0.0,1.0,0.0,0.0,1.0,0.0,2.5528369548051204
2020-03-05 12:17:00,..\..\Data\Data HCM\_MNR_SENSOR_DATA_\emotion_tags\image_tag,22895-44678-1583385491.jpg,4.0,3.0,4.0,3.0,3.0,3.0,4.0,3.0,62.0,36.0,0.0,1.0,0.0,0.0,1.0,0.0,4.825939880274316
2020-03-05 12:20:00,..\..\Data\Data HCM\_MNR_SENSOR_DATA_\emotion_tags\image_tag,22895-44678-1583385678.jpg,4.0,3.0,4.0,4.0,3.0,3.0,3.0,3.0,65.0,37.0,0.0,1.0,0.0,0.0,1.0,0.0,4.825939880274316
2020-03-05 12:27:00,..\..\Data\Data HCM\_MNR_SENSOR_DATA_\emotion_tags\image_tag,22895-44678-1583386103.jpg,1.0,2.0,3.0,3.0,3.0,3.0,3.0,3.0,59.0,36.0,0.0,1.0,0.0,0.0,1.0,0.0,4.825939880274316
2020-03-05 12:35:00,..\..\Data\Data HCM\_MNR_SENSOR_DATA_\emotion_tags\image_tag,22895-44678-1583386534.jpg,2.0,3.0,3.0,3.0,3.0,3.0,3.0,3.0,59.0,37.0,0.0,1.0,0.0,0.0,1.0,0.0,3.2025616325035426
2020-03-05 12:38:00,..\..\Data\Data HCM\_MNR_SENSOR_DATA_\emotion_tags\image_tag,22895-44678-1583386731.jpg,1.0,2.0,4.0,3.0,2.0,2.0,4.0,2.0,59.0,37.0,0.0,1.0,0.0,0.0,1.0,0.0,3.2025616325035426
2020-03-05 12:42:00,..\..\Data\Data HCM\_MNR_SENSOR_DATA_\emotion_tags\image_tag,22895-44678-1583386953.jpg,2.0,2.0,3.0,3.0,2.0,2.0,4.0,2.0,61.0,37.0,0.0,1.0,0.0,0.0,1.0,0.0,3.2025616325035426
2020-03-05 12:44:00,..\..\Data\Data HCM\_MNR_SENSOR_DATA_\emotion_tags\image_tag,22895-44678-1583387116.jpg,3.0,3.0,4.0,4.0,2.0,2.0,4.0,2.0,60.0,38.0,1.0,1.0,0.0,0.0,1.0,0.0,3.2025616325035426
2020-03-05 16:54:00,..\..\Data\Data HCM\_MNR_SENSOR_DATA_\emotion_tags\image_tag,22895-44678-1583402086.jpg,4.0,3.0,5.0,5.0,4.0,4.0,3.0,4.0,90.0,31.0,0.0,0.0,1.0,0.0,0.0,1.0,2.5999313923390437
2020-03-05 16:57:00,..\..\Data\Data HCM\_MNR_SENSOR_DATA_\emotion_tags\image_tag,22895-44678-1583402260.jpg,2.0,3.0,5.0,5.0,4.0,4.0,3.0,4.0,90.0,31.0,0.0,0.0,1.0,0.0,0.0,1.0,2.5999313923390437
2020-03-05 17:00:00,..\..\Data\Data HCM\_MNR_SENSOR_DATA_\emotion_tags\image_tag,22895-44678-1583402536.jpg,2.0,3.0,5.0,5.0,4.0,3.0,3.0,3.0,89.0,31.0,0.0,0.0,1.0,0.0,0.0,1.0,2.5999313923390437
2020-03-05 17:04:00,..\..\Data\Data HCM\_MNR_SENSOR_DATA_\emotion_tags\image_tag,22895-44678-1583402712.jpg,2.0,3.0,5.0,5.0,4.0,4.0,3.0,4.0,91.0,32.0,0.0,0.0,1.0,0.0,0.0,1.0,2.5999313923390437
2020-03-05 17:10:00,..\..\Data\Data HCM\_MNR_SENSOR_DATA_\emotion_tags\image_tag,22895-44678-1583403043.jpg,4.0,4.0,5.0,5.0,4.0,3.0,3.0,4.0,91.0,32.0,0.0,0.0,1.0,0.0,0.0,1.0,4.839458770895119
2020-03-05 17:12:00,..\..\Data\Data HCM\_MNR_SENSOR_DATA_\emotion_tags\image_tag,22895-44678-1583403184.jpg,4.0,4.0,5.0,5.0,4.0,4.0,3.0,4.0,91.0,31.0,0.0,0.0,1.0,0.0,0.0,1.0,4.839458770895119
2020-03-05 17:16:00,..\..\Data\Data HCM\_MNR_SENSOR_DATA_\emotion_tags\image_tag,22895-44678-1583403397.jpg,1.0,2.0,3.0,3.0,4.0,4.0,3.0,4.0,92.0,31.0,0.0,0.0,1.0,0.0,0.0,1.0,4.839458770895119
2020-03-05 17:17:00,..\..\Data\Data HCM\_MNR_SENSOR_DATA_\emotion_tags\image_tag,22895-44678-1583403488.jpg,1.0,2.0,5.0,5.0,4.0,4.0,3.0,4.0,91.0,30.0,0.0,0.0,1.0,0.0,0.0,1.0,4.839458770895119
2020-03-05 17:25:00,..\..\Data\Data HCM\_MNR_SENSOR_DATA_\emotion_tags\image_tag,22895-44678-1583403934.jpg,2.0,3.0,4.0,4.0,4.0,4.0,3.0,3.0,97.0,31.0,0.0,0.0,1.0,0.0,0.0,1.0,4.839458770895119
2020-03-05 17:33:00,..\..\Data\Data HCM\_MNR_SENSOR_DATA_\emotion_tags\image_tag,22895-44678-1583404433.jpg,2.0,3.0,5.0,5.0,3.0,3.0,3.0,3.0,96.0,31.0,0.0,0.0,1.0,0.0,0.0,1.0,2.8132697916396303
2020-03-05 17:37:00,..\..\Data\Data HCM\_MNR_SENSOR_DATA_\emotion_tags\image_tag,22895-44678-1583404640.jpg,2.0,3.0,5.0,5.0,4.0,4.0,3.0,3.0,97.0,31.0,0.0,0.0,1.0,0.0,0.0,1.0,2.8132697916396303
2020-03-05 17:42:00,..\..\Data\Data HCM\_MNR_SENSOR_DATA_\emotion_tags\image_tag,22895-44678-1583404959.jpg,3.0,3.0,5.0,5.0,4.0,4.0,3.0,4.0,99.0,32.0,0.0,0.0,1.0,0.0,0.0,1.0,2.8132697916396303
2020-03-06 07:42:00,..\..\Data\Data HCM\_MNR_SENSOR_DATA_\emotion_tags\image_tag,22895-44678-1583455349.jpg,4.0,4.0,5.0,5.0,4.0,3.0,2.0,4.0,79.0,30.0,0.0,0.0,0.0,1.0,0.0,1.0,2.2435031239967236
2020-03-06 07:45:00,..\..\Data\Data HCM\_MNR_SENSOR_DATA_\emotion_tags\image_tag,22895-44678-1583455542.jpg,4.0,4.0,5.0,5.0,4.0,4.0,2.0,4.0,79.0,29.0,0.0,0.0,0.0,1.0,0.0,1.0,2.2435031239967236
2020-03-06 07:49:00,..\..\Data\Data HCM\_MNR_SENSOR_DATA_\emotion_tags\image_tag,22895-44678-1583455816.jpg,2.0,3.0,5.0,5.0,4.0,4.0,2.0,4.0,79.0,28.0,0.0,0.0,0.0,1.0,0.0,1.0,2.2435031239967236
2020-03-06 07:52:00,..\..\Data\Data HCM\_MNR_SENSOR_DATA_\emotion_tags\image_tag,22895-44678-1583455947.jpg,2.0,3.0,4.0,4.0,4.0,4.0,3.0,3.0,99.0,28.0,0.0,0.0,0.0,1.0,0.0,1.0,2.2435031239967236
2020-03-06 07:53:00,..\..\Data\Data HCM\_MNR_SENSOR_DATA_\emotion_tags\image_tag,22895-44678-1583456037.jpg,2.0,3.0,5.0,5.0,4.0,4.0,3.0,3.0,99.0,28.0,0.0,0.0,0.0,1.0,0.0,1.0,2.2435031239967236
2020-03-06 07:59:00,..\..\Data\Data HCM\_MNR_SENSOR_DATA_\emotion_tags\image_tag,22895-44678-1583456394.jpg,4.0,4.0,3.0,3.0,4.0,4.0,1.0,4.0,99.0,28.0,0.0,0.0,0.0,1.0,0.0,1.0,4.711184626438511
2020-03-06 08:02:00,..\..\Data\Data HCM\_MNR_SENSOR_DATA_\emotion_tags\image_tag,22895-44678-1583456575.jpg,4.0,4.0,3.0,3.0,4.0,4.0,2.0,4.0,99.0,29.0,0.0,0.0,0.0,1.0,0.0,1.0,4.711184626438511
2020-03-06 08:04:00,..\..\Data\Data HCM\_MNR_SENSOR_DATA_\emotion_tags\image_tag,22895-44678-1583456715.jpg,4.0,3.0,5.0,5.0,4.0,3.0,3.0,4.0,99.0,29.0,0.0,0.0,0.0,1.0,0.0,1.0,4.711184626438511
2020-03-06 08:08:00,..\..\Data\Data HCM\_MNR_SENSOR_DATA_\emotion_tags\image_tag,22895-44678-1583456928.jpg,1.0,2.0,4.0,4.0,3.0,3.0,3.0,3.0,99.0,29.0,0.0,0.0,0.0,1.0,0.0,1.0,4.711184626438511
2020-03-06 08:13:00,..\..\Data\Data HCM\_MNR_SENSOR_DATA_\emotion_tags\image_tag,22895-44678-1583457249.jpg,1.0,2.0,3.0,3.0,3.0,3.0,3.0,3.0,99.0,30.0,0.0,0.0,0.0,1.0,0.0,1.0,4.711184626438511
2020-03-06 08:20:00,..\..\Data\Data HCM\_MNR_SENSOR_DATA_\emotion_tags\image_tag,22895-44678-1583457647.jpg,1.0,2.0,5.0,5.0,4.0,3.0,3.0,4.0,99.0,30.0,0.0,0.0,0.0,1.0,0.0,1.0,4.151392006493408
2020-03-06 08:25:00,..\..\Data\Data HCM\_MNR_SENSOR_DATA_\emotion_tags\image_tag,22895-44678-1583457934.jpg,1.0,2.0,4.0,4.0,4.0,3.0,3.0,4.0,99.0,30.0,0.0,0.0,0.0,1.0,0.0,1.0,4.151392006493408
2020-03-06 08:28:00,..\..\Data\Data HCM\_MNR_SENSOR_DATA_\emotion_tags\image_tag,22895-44678-1583458123.jpg,2.0,3.0,5.0,5.0,4.0,3.0,3.0,3.0,99.0,30.0,0.0,0.0,0.0,1.0,0.0,1.0,4.151392006493408
2020-03-06 08:31:00,..\..\Data\Data HCM\_MNR_SENSOR_DATA_\emotion_tags\image_tag,22895-44678-1583458311.jpg,3.0,3.0,5.0,5.0,4.0,3.0,3.0,3.0,99.0,30.0,0.0,0.0,0.0,1.0,0.0,1.0,2.2397325257393956
2020-03-06 12:02:00,..\..\Data\Data HCM\_MNR_SENSOR_DATA_\emotion_tags\image_tag,22895-44678-1583470979.jpg,4.0,4.0,5.0,5.0,4.0,3.0,3.0,4.0,73.0,35.0,0.0,1.0,0.0,0.0,1.0,0.0,2.3067698539339285
2020-03-06 12:04:00,..\..\Data\Data HCM\_MNR_SENSOR_DATA_\emotion_tags\image_tag,22895-44678-1583471117.jpg,4.0,3.0,5.0,5.0,4.0,3.0,3.0,4.0,71.0,34.0,0.0,1.0,0.0,0.0,1.0,0.0,2.3067698539339285
2020-03-06 12:08:00,..\..\Data\Data HCM\_MNR_SENSOR_DATA_\emotion_tags\image_tag,22895-44678-1583471359.jpg,2.0,3.0,5.0,5.0,3.0,3.0,3.0,3.0,79.0,34.0,0.0,1.0,0.0,0.0,1.0,0.0,2.3067698539339285
2020-03-06 12:10:00,..\..\Data\Data HCM\_MNR_SENSOR_DATA_\emotion_tags\image_tag,22895-44678-1583471469.jpg,2.0,3.0,4.0,4.0,3.0,4.0,3.0,3.0,80.0,35.0,0.0,1.0,0.0,0.0,1.0,0.0,2.3067698539339285
2020-03-06 12:13:00,..\..\Data\Data HCM\_MNR_SENSOR_DATA_\emotion_tags\image_tag,22895-44678-1583471651.jpg,2.0,3.0,4.0,4.0,3.0,3.0,3.0,3.0,87.0,35.0,0.0,1.0,0.0,0.0,1.0,0.0,2.3067698539339285
2020-03-06 12:18:00,..\..\Data\Data HCM\_MNR_SENSOR_DATA_\emotion_tags\image_tag,22895-44678-1583471936.jpg,4.0,4.0,2.0,2.0,4.0,4.0,3.0,4.0,86.0,34.0,0.0,1.0,0.0,0.0,1.0,0.0,4.656438270009697
2020-03-06 12:21:00,..\..\Data\Data HCM\_MNR_SENSOR_DATA_\emotion_tags\image_tag,22895-44678-1583472085.jpg,4.0,3.0,4.0,4.0,3.0,3.0,3.0,3.0,85.0,35.0,0.0,1.0,0.0,0.0,1.0,0.0,4.656438270009697
2020-03-06 12:25:00,..\..\Data\Data HCM\_MNR_SENSOR_DATA_\emotion_tags\image_tag,22895-44678-1583472379.jpg,4.0,3.0,4.0,4.0,3.0,3.0,3.0,3.0,81.0,36.0,0.0,1.0,0.0,0.0,1.0,0.0,4.656438270009697
2020-03-06 12:29:00,..\..\Data\Data HCM\_MNR_SENSOR_DATA_\emotion_tags\image_tag,22895-44678-1583472596.jpg,1.0,2.0,3.0,3.0,2.0,2.0,4.0,2.0,76.0,37.0,0.0,1.0,0.0,0.0,1.0,0.0,4.656438270009697
2020-03-06 12:33:00,..\..\Data\Data HCM\_MNR_SENSOR_DATA_\emotion_tags\image_tag,22895-44678-1583472856.jpg,1.0,2.0,3.0,3.0,2.0,2.0,4.0,3.0,76.0,39.0,1.0,1.0,0.0,0.0,1.0,0.0,4.7285630203567335
2020-03-06 12:38:00,..\..\Data\Data HCM\_MNR_SENSOR_DATA_\emotion_tags\image_tag,22895-44678-1583473129.jpg,2.0,3.0,3.0,3.0,2.0,2.0,4.0,2.0,75.0,41.0,1.0,1.0,0.0,0.0,1.0,0.0,4.7285630203567335
2020-03-06 12:42:00,..\..\Data\Data HCM\_MNR_SENSOR_DATA_\emotion_tags\image_tag,22895-44678-1583473362.jpg,1.0,3.0,4.0,4.0,2.0,2.0,4.0,2.0,80.0,38.0,0.0,1.0,0.0,0.0,1.0,0.0,4.7285630203567335
2020-03-06 12:46:00,..\..\Data\Data HCM\_MNR_SENSOR_DATA_\emotion_tags\image_tag,22895-44678-1583473619.jpg,2.0,3.0,4.0,4.0,2.0,2.0,4.0,2.0,79.0,38.0,0.0,1.0,0.0,0.0,1.0,0.0,4.7285630203567335
2020-03-06 12:50:00,..\..\Data\Data HCM\_MNR_SENSOR_DATA_\emotion_tags\image_tag,22895-44678-1583473865.jpg,2.0,3.0,4.0,4.0,3.0,3.0,3.0,3.0,78.0,38.0,0.0,1.0,0.0,0.0,1.0,0.0,2.5377975685194682
2020-03-06 12:53:00,..\..\Data\Data HCM\_MNR_SENSOR_DATA_\emotion_tags\image_tag,22895-44678-1583474020.jpg,2.0,3.0,4.0,4.0,3.0,3.0,3.0,3.0,78.0,35.0,0.0,1.0,0.0,0.0,1.0,0.0,2.5377975685194682
2020-03-06 16:54:00,..\..\Data\Data HCM\_MNR_SENSOR_DATA_\emotion_tags\image_tag,22895-44678-1583488526.jpg,2.0,3.0,5.0,5.0,3.0,3.0,3.0,3.0,63.0,33.0,0.0,0.0,1.0,0.0,0.0,1.0,2.232509753147435
2020-03-06 16:57:00,..\..\Data\Data HCM\_MNR_SENSOR_DATA_\emotion_tags\image_tag,22895-44678-1583488712.jpg,5.0,4.0,5.0,5.0,4.0,4.0,2.0,4.0,62.0,33.0,0.0,0.0,1.0,0.0,0.0,1.0,2.232509753147435
2020-03-06 17:00:00,..\..\Data\Data HCM\_MNR_SENSOR_DATA_\emotion_tags\image_tag,22895-44678-1583488851.jpg,4.0,3.0,4.0,4.0,4.0,4.0,2.0,4.0,63.0,31.0,0.0,0.0,1.0,0.0,0.0,1.0,2.232509753147435
2020-03-06 17:05:00,..\..\Data\Data HCM\_MNR_SENSOR_DATA_\emotion_tags\image_tag,22895-44678-1583489217.jpg,2.0,3.0,5.0,5.0,4.0,3.0,3.0,4.0,63.0,33.0,0.0,0.0,1.0,0.0,0.0,1.0,2.232509753147435
2020-03-06 17:08:00,..\..\Data\Data HCM\_MNR_SENSOR_DATA_\emotion_tags\image_tag,22895-44678-1583489318.jpg,2.0,3.0,5.0,5.0,4.0,3.0,4.0,2.0,71.0,31.0,0.0,0.0,1.0,0.0,0.0,1.0,2.232509753147435
2020-03-06 17:17:00,..\..\Data\Data HCM\_MNR_SENSOR_DATA_\emotion_tags\image_tag,22895-44678-1583489910.jpg,4.0,3.0,5.0,5.0,4.0,4.0,3.0,3.0,72.0,31.0,0.0,0.0,1.0,0.0,0.0,1.0,4.802869606416861
2020-03-06 17:21:00,..\..\Data\Data HCM\_MNR_SENSOR_DATA_\emotion_tags\image_tag,22895-44678-1583490130.jpg,1.0,2.0,5.0,5.0,4.0,3.0,3.0,3.0,71.0,30.0,0.0,0.0,1.0,0.0,0.0,1.0,4.802869606416861
2020-03-06 17:26:00,..\..\Data\Data HCM\_MNR_SENSOR_DATA_\emotion_tags\image_tag,22895-44678-1583490440.jpg,1.0,3.0,4.0,4.0,3.0,3.0,4.0,3.0,72.0,31.0,0.0,0.0,1.0,0.0,0.0,1.0,4.802869606416861
2020-03-06 17:31:00,..\..\Data\Data HCM\_MNR_SENSOR_DATA_\emotion_tags\image_tag,22895-44678-1583490732.jpg,2.0,3.0,4.0,4.0,4.0,4.0,3.0,4.0,71.0,31.0,0.0,0.0,1.0,0.0,0.0,1.0,4.802869606416861
2020-03-06 17:35:00,..\..\Data\Data HCM\_MNR_SENSOR_DATA_\emotion_tags\image_tag,22895-44678-1583490992.jpg,1.0,2.0,4.0,4.0,4.0,4.0,3.0,3.0,71.0,30.0,0.0,0.0,1.0,0.0,0.0,1.0,3.9573807095380333
2020-03-06 17:39:00,..\..\Data\Data HCM\_MNR_SENSOR_DATA_\emotion_tags\image_tag,22895-44678-1583491226.jpg,1.0,3.0,4.0,4.0,3.0,3.0,4.0,3.0,72.0,30.0,0.0,0.0,1.0,0.0,0.0,1.0,3.9573807095380333
2020-03-06 17:42:00,..\..\Data\Data HCM\_MNR_SENSOR_DATA_\emotion_tags\image_tag,22895-44678-1583491375.jpg,2.0,2.0,5.0,5.0,3.0,3.0,3.0,4.0,71.0,31.0,0.0,0.0,1.0,0.0,0.0,1.0,3.9573807095380333
2020-03-06 17:48:00,..\..\Data\Data HCM\_MNR_SENSOR_DATA_\emotion_tags\image_tag,22895-44678-1583491739.jpg,3.0,3.0,5.0,5.0,4.0,4.0,4.0,2.0,72.0,32.0,0.0,0.0,1.0,0.0,0.0,1.0,2.242653200442048
